OBJECTID,NAME,COUNTRY,STATE_NAME,LGA_ID,COUNTRY_ID,STATE_ID,Occu2023
9,Igabi,Nigeria,Kaduna,23664,164,18,Y
15,Chikun,Nigeria,Kaduna,23662,164,18,Y
24,Yola North,Nigeria,Adamawa,23351,164,2,Y
28,Yola South,Nigeria,Adamawa,23352,164,2,Y
31,Numan,Nigeria,Adamawa,23347,164,2,Y
32,Larmurde,Nigeria,Adamawa,23340,164,2,Y
35,Fufore,Nigeria,Adamawa,23333,164,2,Y
37,Gombi,Nigeria,Adamawa,23336,164,2,Y
44,Demsa,Nigeria,Adamawa,23332,164,2,Y
56,Eastern Obolo,Nigeria,Akwa Ibom,23354,164,3,Y
73,Ibeno,Nigeria,Akwa Ibom,23360,164,3,Y
77,Ogbaru,Nigeria,Anambra,23399,164,4,Y
81,Anambra East,Nigeria,Anambra,23385,164,4,Y
88,Ayamelum,Nigeria,Anambra,23390,164,4,Y
94,Awka North,Nigeria,Anambra,23388,164,4,Y
95,Anambra West,Nigeria,Anambra,23386,164,4,Y
98,Bauchi,Nigeria,Bauchi,23406,164,5,Y
101,Itas/Gadau,Nigeria,Bauchi,23414,164,5,Y
105,Ningi,Nigeria,Bauchi,23419,164,5,Y
117,Southern Ijaw,Nigeria,Bayelsa,23431,164,6,Y
118,Ekeremor,Nigeria,Bayelsa,23426,164,6,Y
121,Sagbama,Nigeria,Bayelsa,23430,164,6,Y
122,Brass,Nigeria,Bayelsa,23425,164,6,Y
125,Bukuru,Nigeria,Benue,23436,164,7,Y
131,Markurdi,Nigeria,Benue,23445,164,7,Y
146,Guma,Nigeria,Benue,23438,164,7,Y
152,Marte,Nigeria,Borno,23477,164,8,Y
157,Abadam,Nigeria,Borno,23456,164,8,Y
164,Kukawa,Nigeria,Borno,23472,164,8,Y
169,Ngala,Nigeria,Borno,23480,164,8,Y
171,Monguno,Nigeria,Borno,23479,164,8,Y
172,Mobbar,Nigeria,Borno,23478,164,8,Y
179,Obubra,Nigeria,Cross River,23495,164,9,Y
181,Yala,Nigeria,Cross River,23500,164,9,Y
183,Boki,Nigeria,Cross River,23489,164,9,Y
184,Akamkpa,Nigeria,Cross River,23484,164,9,Y
185,Ogoja,Nigeria,Cross River,23498,164,9,Y
188,Biase,Nigeria,Cross River,23488,164,9,Y
189,Etung,Nigeria,Cross River,23492,164,9,Y
190,Odukpani,Nigeria,Cross River,23497,164,9,Y
196,Oshimili South,Nigeria,Delta,23515,164,10,Y
197,Warri South-West,Nigeria,Delta,23525,164,10,Y
200,Warri South,Nigeria,Delta,23524,164,10,Y
202,Ndokwa East,Nigeria,Delta,23511,164,10,Y
203,Ughelli South,Nigeria,Delta,23520,164,10,Y
216,Isoko South,Nigeria,Delta,23510,164,10,Y
222,Ikwo,Nigeria,Ebonyi,23532,164,11,Y
232,Etsako West,Nigeria,Edo,23547,164,12,Y
233,Etsako East,Nigeria,Edo,23546,164,12,Y
239,Etsako Central,Nigeria,Edo,23545,164,12,Y
273,Aninri,Nigeria,Enugu,23573,164,14,Y
282,Kwali,Nigeria,FCT Abuja,23595,164,37,Y
283,Municipal Area Council,Nigeria,FCT Abuja,23591,164,37,Y
285,Abaji,Nigeria,FCT Abuja,23590,164,37,Y
286,Kuje,Nigeria,FCT Abuja,23594,164,37,Y
287,Gwagwalada,Nigeria,FCT Abuja,23593,164,37,Y
292,Kwami,Nigeria,Gombe,23603,164,15,Y
294,Yamaltu/Deba,Nigeria,Gombe,23606,164,15,Y
298,Funakaye,Nigeria,Gombe,23600,164,15,Y
310,Ohaji/Egbema,Nigeria,Imo,23624,164,16,Y
330,Guri,Nigeria,Jigawa,23643,164,17,Y
332,Kiri Kasama,Nigeria,Jigawa,23651,164,17,Y
338,Auyo,Nigeria,Jigawa,23634,164,17,Y
391,Dawakin Kudu,Nigeria,Kano,23692,164,19,Y
408,Makoda,Nigeria,Kano,23712,164,19,Y
410,Karaye,Nigeria,Kano,23705,164,19,Y
417,Kafur,Nigeria,Katsina,23744,164,20,Y
457,Bagudo,Nigeria,Kebbi,23766,164,21,Y
461,Ngaski,Nigeria,Kebbi,23776,164,21,Y
467,Yauri,Nigeria,Kebbi,23781,164,21,Y
472,Ijumu,Nigeria,Kogi,23791,164,22,Y
473,Bassa,Nigeria,Kogi,23786,164,22,Y
474,Kabba/Bunu,Nigeria,Kogi,23792,164,22,Y
476,Igalamela-Odolu,Nigeria,Kogi,23790,164,22,Y
477,Lokoja,Nigeria,Kogi,23794,164,22,Y
478,Ibaji,Nigeria,Kogi,23788,164,22,Y
479,Kogi,Nigeria,Kogi,23793,164,22,Y
480,Ajaokuta,Nigeria,Kogi,23784,164,22,Y
485,Ofu,Nigeria,Kogi,23796,164,22,Y
486,Okene,Nigeria,Kogi,23799,164,22,Y
490,Adavi,Nigeria,Kogi,23783,164,22,Y
494,Pategi,Nigeria,Kwara,23819,164,23,Y
497,Kaiama,Nigeria,Kwara,23814,164,23,Y
499,Edu,Nigeria,Kwara,23806,164,23,Y
500,Asa,Nigeria,Kwara,23804,164,23,Y
502,Baruten,Nigeria,Kwara,23805,164,23,Y
510,Amuwo Odofin,Nigeria,Lagos,23823,164,24,Y
511,Ikeja,Nigeria,Lagos,23830,164,24,Y
515,Ojo,Nigeria,Lagos,23836,164,24,Y
520,Ikorodu,Nigeria,Lagos,23831,164,24,Y
522,Epe,Nigeria,Lagos,23826,164,24,Y
523,Badagry,Nigeria,Lagos,23825,164,24,Y
529,Nasarawa,Nigeria,Nasarawa,23848,164,25,Y
532,Toto,Nigeria,Nasarawa,23851,164,25,Y
533,Doma,Nigeria,Nasarawa,23842,164,25,Y
534,Karu,Nigeria,Nasarawa,23843,164,25,Y
546,Mokwa,Nigeria,Niger,23869,164,26,Y
548,Katcha,Nigeria,Niger,23862,164,26,Y
549,Muya,Nigeria,Niger,23870,164,26,Y
551,Edati,Nigeria,Niger,23859,164,26,Y
553,Gbako,Nigeria,Niger,23860,164,26,Y
555,Shiroro,Nigeria,Niger,23874,164,26,Y
558,Wushishi,Nigeria,Niger,23877,164,26,Y
559,Borgu,Nigeria,Niger,23856,164,26,Y
562,Rafi,Nigeria,Niger,23872,164,26,Y
564,Lapai,Nigeria,Niger,23864,164,26,Y
566,Ewekoro,Nigeria,Ogun,23883,164,27,Y
571,Egbado South,Nigeria,Ogun,23882,164,27,Y
572,Abeokuta North,Nigeria,Ogun,23878,164,27,Y
573,Odeda,Nigeria,Ogun,23893,164,27,Y
574,Ado Odo/Ota,Nigeria,Ogun,23880,164,27,Y
575,Ogun waterside,Nigeria,Ogun,23895,164,27,Y
576,Obafemi Owode,Nigeria,Ogun,23892,164,27,Y
577,Ipokia,Nigeria,Ogun,23891,164,27,Y
584,Ijebu East,Nigeria,Ogun,23885,164,27,Y
585,Ifo,Nigeria,Ogun,23884,164,27,Y
590,Odigbo,Nigeria,Ondo,23910,164,28,Y
591,Ile Oluji/Okeigbo,Nigeria,Ondo,23908,164,28,Y
592,Ilaje,Nigeria,Ondo,23907,164,28,Y
606,Obokun,Nigeria,Osun,23939,164,29,Y
613,Olorunda,Nigeria,Osun,23942,164,29,Y
627,Ifelodun,Nigeria,Osun,23931,164,29,Y
639,Atiba,Nigeria,Oyo,23948,164,30,Y
649,Surulere,Nigeria,Oyo,23978,164,30,Y
653,Ogbomosho South,Nigeria,Oyo,23967,164,30,Y
654,Ogbomosho North,Nigeria,Oyo,23966,164,30,Y
658,Itesiwaju,Nigeria,Oyo,23962,164,30,Y
684,Ahoada East,Nigeria,Rivers,23997,164,32,Y
685,Ogba/Egbema/Ndoni,Nigeria,Rivers,24011,164,32,Y
687,Degema,Nigeria,Rivers,24003,164,32,Y
689,Ahoada West,Nigeria,Rivers,23998,164,32,Y
692,Akuku Toru,Nigeria,Rivers,23999,164,32,Y
694,Abua/Odual,Nigeria,Rivers,23996,164,32,Y
698,Ikwerre,Nigeria,Rivers,24008,164,32,Y
704,Eleme,Nigeria,Rivers,24004,164,32,Y
706,Emuoha,Nigeria,Rivers,24005,164,32,Y
707,Goronyo,Nigeria,Sokoto,24023,164,33,Y
709,Tangaza,Nigeria,Sokoto,24037,164,33,Y
712,Gada,Nigeria,Sokoto,24022,164,33,Y
713,Sabon Birni,Nigeria,Sokoto,24031,164,33,Y
720,Sokoto South,Nigeria,Sokoto,24035,164,33,Y
728,Wamako,Nigeria,Sokoto,24039,164,33,Y
731,Gassol,Nigeria,Taraba,24046,164,34,Y
735,Ardo-Kola,Nigeria,Taraba,24042,164,34,Y
736,Karim Lamido,Nigeria,Taraba,24049,164,34,Y
739,Ibi,Nigeria,Taraba,24047,164,34,Y
741,Lau,Nigeria,Taraba,24051,164,34,Y
743,Wukari,Nigeria,Taraba,24055,164,34,Y
749,Barde,Nigeria,Yobe,24059,164,35,Y
750,Jakusko,Nigeria,Yobe,24067,164,35,Y
754,Gulani,Nigeria,Yobe,24066,164,35,Y
761,Yunusari,Nigeria,Yobe,24074,164,35,Y
